{"cameraMode":{"drawMode":0,"name":"Shaded","section":"Shading Mode"},"sceneLighting":true,"audioPlay":false,"sceneViewState":{"showFog":false,"showMaterialUpdate":false,"showSkybox":false,"showFlares":false,"showImageEffects":false,"showParticleSystems":false},"in2DMode":false,"pivot":{"x":-0.38180214166641238,"y":1.0687366724014283,"z":-0.3484691381454468},"rotation":{"x":-0.04129796475172043,"y":0.1803455501794815,"z":-0.007579078432172537,"w":-0.9827067255973816},"size":1.5973570346832276,"orthographic":false}