{"cameraMode":{"drawMode":0,"name":"Shaded","section":"Shading Mode"},"sceneLighting":true,"audioPlay":false,"sceneViewState":{"showFog":false,"showMaterialUpdate":false,"showSkybox":false,"showFlares":false,"showImageEffects":false,"showParticleSystems":false},"in2DMode":false,"pivot":{"x":-0.01113382913172245,"y":1.4414088726043702,"z":2.209608793258667},"rotation":{"x":-0.016460072249174119,"y":-0.06952601671218872,"z":-0.0011467613512650133,"w":0.997443675994873},"size":5.87108039855957,"orthographic":false}